{
  "formatVersion": 1,
  "database": {
    "version": 5,
    "identityHash": "1d5a9a502463602a518c31b7b6cf5ca4",
    "entities": [
      {
        "tableName": "rules",
        "createSql": "CREATE TABLE IF NOT EXISTS `${TABLE_NAME}` (`content` TEXT NOT NULL, `id` TEXT NOT NULL, `createdBy` TEXT, `createdAt` INTEGER NOT NULL, `updatedAt` INTEGER NOT NULL, `synced` INTEGER NOT NULL, `name` TEXT NOT NULL, `kind` TEXT NOT NULL, PRIMARY KEY(`id`))",
        "fields": [
          {
            "fieldPath": "content",
            "columnName": "content",
            "affinity": "TEXT",
            "notNull": true
          },
          {
            "fieldPath": "id",
            "columnName": "id",
            "affinity": "TEXT",
            "notNull": true
          },
          {
            "fieldPath": "createdBy",
            "columnName": "createdBy",
            "affinity": "TEXT",
            "notNull": false
          },
          {
            "fieldPath": "createdAt",
            "columnName": "createdAt",
            "affinity": "INTEGER",
            "notNull": true
          },
          {
            "fieldPath": "updatedAt",
            "columnName": "updatedAt",
            "affinity": "INTEGER",
            "notNull": true
          },
          {
            "fieldPath": "synced",
            "columnName": "synced",
            "affinity": "INTEGER",
            "notNull": true
          },
          {
            "fieldPath": "name",
            "columnName": "name",
            "affinity": "TEXT",
            "notNull": true
          },
          {
            "fieldPath": "kind",
            "columnName": "kind",
            "affinity": "TEXT",
            "notNull": true
          }
        ],
        "primaryKey": {
          "autoGenerate": false,
          "columnNames": [
            "id"
          ]
        },
        "indices": [],
        "foreignKeys": []
      },
      {
        "tableName": "teams",
        "createSql": "CREATE TABLE IF NOT EXISTS `${TABLE_NAME}` (`content` TEXT NOT NULL, `id` TEXT NOT NULL, `createdBy` TEXT, `createdAt` INTEGER NOT NULL, `updatedAt` INTEGER NOT NULL, `synced` INTEGER NOT NULL, `name` TEXT NOT NULL, `kind` TEXT NOT NULL, `gender` TEXT NOT NULL, PRIMARY KEY(`id`))",
        "fields": [
          {
            "fieldPath": "content",
            "columnName": "content",
            "affinity": "TEXT",
            "notNull": true
          },
          {
            "fieldPath": "id",
            "columnName": "id",
            "affinity": "TEXT",
            "notNull": true
          },
          {
            "fieldPath": "createdBy",
            "columnName": "createdBy",
            "affinity": "TEXT",
            "notNull": false
          },
          {
            "fieldPath": "createdAt",
            "columnName": "createdAt",
            "affinity": "INTEGER",
            "notNull": true
          },
          {
            "fieldPath": "updatedAt",
            "columnName": "updatedAt",
            "affinity": "INTEGER",
            "notNull": true
          },
          {
            "fieldPath": "synced",
            "columnName": "synced",
            "affinity": "INTEGER",
            "notNull": true
          },
          {
            "fieldPath": "name",
            "columnName": "name",
            "affinity": "TEXT",
            "notNull": true
          },
          {
            "fieldPath": "kind",
            "columnName": "kind",
            "affinity": "TEXT",
            "notNull": true
          },
          {
            "fieldPath": "gender",
            "columnName": "gender",
            "affinity": "TEXT",
            "notNull": true
          }
        ],
        "primaryKey": {
          "autoGenerate": false,
          "columnNames": [
            "id"
          ]
        },
        "indices": [],
        "foreignKeys": []
      },
      {
        "tableName": "games",
        "createSql": "CREATE TABLE IF NOT EXISTS `${TABLE_NAME}` (`content` TEXT NOT NULL, `id` TEXT NOT NULL, `createdBy` TEXT, `createdAt` INTEGER NOT NULL, `updatedAt` INTEGER NOT NULL, `synced` INTEGER NOT NULL, `scheduledAt` INTEGER NOT NULL, `kind` TEXT NOT NULL, `gender` TEXT NOT NULL, `usage` TEXT NOT NULL, `leagueName` TEXT, `divisionName` TEXT, `homeTeamName` TEXT NOT NULL, `guestTeamName` TEXT NOT NULL, `homeSets` INTEGER NOT NULL, `guestSets` INTEGER NOT NULL, `score` TEXT NOT NULL, PRIMARY KEY(`id`))",
        "fields": [
          {
            "fieldPath": "content",
            "columnName": "content",
            "affinity": "TEXT",
            "notNull": true
          },
          {
            "fieldPath": "id",
            "columnName": "id",
            "affinity": "TEXT",
            "notNull": true
          },
          {
            "fieldPath": "createdBy",
            "columnName": "createdBy",
            "affinity": "TEXT",
            "notNull": false
          },
          {
            "fieldPath": "createdAt",
            "columnName": "createdAt",
            "affinity": "INTEGER",
            "notNull": true
          },
          {
            "fieldPath": "updatedAt",
            "columnName": "updatedAt",
            "affinity": "INTEGER",
            "notNull": true
          },
          {
            "fieldPath": "synced",
            "columnName": "synced",
            "affinity": "INTEGER",
            "notNull": true
          },
          {
            "fieldPath": "scheduledAt",
            "columnName": "scheduledAt",
            "affinity": "INTEGER",
            "notNull": true
          },
          {
            "fieldPath": "kind",
            "columnName": "kind",
            "affinity": "TEXT",
            "notNull": true
          },
          {
            "fieldPath": "gender",
            "columnName": "gender",
            "affinity": "TEXT",
            "notNull": true
          },
          {
            "fieldPath": "usage",
            "columnName": "usage",
            "affinity": "TEXT",
            "notNull": true
          },
          {
            "fieldPath": "leagueName",
            "columnName": "leagueName",
            "affinity": "TEXT",
            "notNull": false
          },
          {
            "fieldPath": "divisionName",
            "columnName": "divisionName",
            "affinity": "TEXT",
            "notNull": false
          },
          {
            "fieldPath": "homeTeamName",
            "columnName": "homeTeamName",
            "affinity": "TEXT",
            "notNull": true
          },
          {
            "fieldPath": "guestTeamName",
            "columnName": "guestTeamName",
            "affinity": "TEXT",
            "notNull": true
          },
          {
            "fieldPath": "homeSets",
            "columnName": "homeSets",
            "affinity": "INTEGER",
            "notNull": true
          },
          {
            "fieldPath": "guestSets",
            "columnName": "guestSets",
            "affinity": "INTEGER",
            "notNull": true
          },
          {
            "fieldPath": "score",
            "columnName": "score",
            "affinity": "TEXT",
            "notNull": true
          }
        ],
        "primaryKey": {
          "autoGenerate": false,
          "columnNames": [
            "id"
          ]
        },
        "indices": [],
        "foreignKeys": []
      },
      {
        "tableName": "full_games",
        "createSql": "CREATE TABLE IF NOT EXISTS `${TABLE_NAME}` (`type` TEXT NOT NULL, `content` TEXT NOT NULL, PRIMARY KEY(`type`))",
        "fields": [
          {
            "fieldPath": "type",
            "columnName": "type",
            "affinity": "TEXT",
            "notNull": true
          },
          {
            "fieldPath": "content",
            "columnName": "content",
            "affinity": "TEXT",
            "notNull": true
          }
        ],
        "primaryKey": {
          "autoGenerate": false,
          "columnNames": [
            "type"
          ]
        },
        "indices": [],
        "foreignKeys": []
      },
      {
        "tableName": "leagues",
        "createSql": "CREATE TABLE IF NOT EXISTS `${TABLE_NAME}` (`content` TEXT NOT NULL, `id` TEXT NOT NULL, `createdBy` TEXT, `createdAt` INTEGER NOT NULL, `updatedAt` INTEGER NOT NULL, `synced` INTEGER NOT NULL, `name` TEXT NOT NULL, `kind` TEXT NOT NULL, PRIMARY KEY(`id`))",
        "fields": [
          {
            "fieldPath": "content",
            "columnName": "content",
            "affinity": "TEXT",
            "notNull": true
          },
          {
            "fieldPath": "id",
            "columnName": "id",
            "affinity": "TEXT",
            "notNull": true
          },
          {
            "fieldPath": "createdBy",
            "columnName": "createdBy",
            "affinity": "TEXT",
            "notNull": false
          },
          {
            "fieldPath": "createdAt",
            "columnName": "createdAt",
            "affinity": "INTEGER",
            "notNull": true
          },
          {
            "fieldPath": "updatedAt",
            "columnName": "updatedAt",
            "affinity": "INTEGER",
            "notNull": true
          },
          {
            "fieldPath": "synced",
            "columnName": "synced",
            "affinity": "INTEGER",
            "notNull": true
          },
          {
            "fieldPath": "name",
            "columnName": "name",
            "affinity": "TEXT",
            "notNull": true
          },
          {
            "fieldPath": "kind",
            "columnName": "kind",
            "affinity": "TEXT",
            "notNull": true
          }
        ],
        "primaryKey": {
          "autoGenerate": false,
          "columnNames": [
            "id"
          ]
        },
        "indices": [],
        "foreignKeys": []
      },
      {
        "tableName": "friends",
        "createSql": "CREATE TABLE IF NOT EXISTS `${TABLE_NAME}` (`id` TEXT NOT NULL, `pseudo` TEXT NOT NULL, PRIMARY KEY(`id`))",
        "fields": [
          {
            "fieldPath": "id",
            "columnName": "id",
            "affinity": "TEXT",
            "notNull": true
          },
          {
            "fieldPath": "pseudo",
            "columnName": "pseudo",
            "affinity": "TEXT",
            "notNull": true
          }
        ],
        "primaryKey": {
          "autoGenerate": false,
          "columnNames": [
            "id"
          ]
        },
        "indices": [],
        "foreignKeys": []
      }
    ],
    "views": [],
    "setupQueries": [
      "CREATE TABLE IF NOT EXISTS room_master_table (id INTEGER PRIMARY KEY,identity_hash TEXT)",
      "INSERT OR REPLACE INTO room_master_table (id,identity_hash) VALUES(42, '1d5a9a502463602a518c31b7b6cf5ca4')"
    ]
  }
}