{
  "formatVersion": 1,
  "database": {
    "version": 1,
    "identityHash": "3e2c70288d110f0a1f7cd4b5eefbee3a",
    "entities": [
      {
        "tableName": "rules",
        "createSql": "CREATE TABLE IF NOT EXISTS `${TABLE_NAME}` (`name` TEXT NOT NULL, `content` TEXT NOT NULL, PRIMARY KEY(`name`))",
        "fields": [
          {
            "fieldPath": "mName",
            "columnName": "name",
            "affinity": "TEXT",
            "notNull": true
          },
          {
            "fieldPath": "mContent",
            "columnName": "content",
            "affinity": "TEXT",
            "notNull": true
          }
        ],
        "primaryKey": {
          "columnNames": [
            "name"
          ],
          "autoGenerate": false
        },
        "indices": [],
        "foreignKeys": []
      },
      {
        "tableName": "teams",
        "createSql": "CREATE TABLE IF NOT EXISTS `${TABLE_NAME}` (`name` TEXT NOT NULL, `gender` TEXT NOT NULL, `kind` TEXT NOT NULL, `content` TEXT NOT NULL, PRIMARY KEY(`name`, `gender`, `kind`))",
        "fields": [
          {
            "fieldPath": "mName",
            "columnName": "name",
            "affinity": "TEXT",
            "notNull": true
          },
          {
            "fieldPath": "mGender",
            "columnName": "gender",
            "affinity": "TEXT",
            "notNull": true
          },
          {
            "fieldPath": "mKind",
            "columnName": "kind",
            "affinity": "TEXT",
            "notNull": true
          },
          {
            "fieldPath": "mContent",
            "columnName": "content",
            "affinity": "TEXT",
            "notNull": true
          }
        ],
        "primaryKey": {
          "columnNames": [
            "name",
            "gender",
            "kind"
          ],
          "autoGenerate": false
        },
        "indices": [],
        "foreignKeys": []
      },
      {
        "tableName": "games",
        "createSql": "CREATE TABLE IF NOT EXISTS `${TABLE_NAME}` (`date` INTEGER NOT NULL, `league` TEXT NOT NULL, `division` TEXT NOT NULL, `content` TEXT NOT NULL, PRIMARY KEY(`date`))",
        "fields": [
          {
            "fieldPath": "mDate",
            "columnName": "date",
            "affinity": "INTEGER",
            "notNull": true
          },
          {
            "fieldPath": "mLeague",
            "columnName": "league",
            "affinity": "TEXT",
            "notNull": true
          },
          {
            "fieldPath": "mDivision",
            "columnName": "division",
            "affinity": "TEXT",
            "notNull": true
          },
          {
            "fieldPath": "mContent",
            "columnName": "content",
            "affinity": "TEXT",
            "notNull": true
          }
        ],
        "primaryKey": {
          "columnNames": [
            "date"
          ],
          "autoGenerate": false
        },
        "indices": [],
        "foreignKeys": []
      },
      {
        "tableName": "full_games",
        "createSql": "CREATE TABLE IF NOT EXISTS `${TABLE_NAME}` (`type` TEXT NOT NULL, `content` TEXT NOT NULL, PRIMARY KEY(`type`))",
        "fields": [
          {
            "fieldPath": "mType",
            "columnName": "type",
            "affinity": "TEXT",
            "notNull": true
          },
          {
            "fieldPath": "mContent",
            "columnName": "content",
            "affinity": "TEXT",
            "notNull": true
          }
        ],
        "primaryKey": {
          "columnNames": [
            "type"
          ],
          "autoGenerate": false
        },
        "indices": [],
        "foreignKeys": []
      }
    ],
    "setupQueries": [
      "CREATE TABLE IF NOT EXISTS room_master_table (id INTEGER PRIMARY KEY,identity_hash TEXT)",
      "INSERT OR REPLACE INTO room_master_table (id,identity_hash) VALUES(42, \"3e2c70288d110f0a1f7cd4b5eefbee3a\")"
    ]
  }
}